transfer_type,from,to,value,symbol,tx_hash,len
OUT,0xc297bb34de41ca8fb8a65890dd2a50f67bac70d1,0xc8955b8c247e759954f1789c27bbd08786cb3ae5,56.0,USDT,0x3804885a3d012206c2f4316f52b8d0c1278b0028c892c8a92a55d417abe2bd00,20
IN,0xbbdeabfa33c0c4baba4a2908200da66de7e8af18,0xc297bb34de41ca8fb8a65890dd2a50f67bac70d1,56.0,USDT,0x8095ce2c662da674889381fd6c8a5defaa88fee5f2378316f0f73db2749ff5bd,20
OUT,0xc297bb34de41ca8fb8a65890dd2a50f67bac70d1,0x9c69471fbfc42c15e37e952a2a3271723dfe9fb3,10000.0,USDT,0x37b25f12ffc0d3b78e1e906c9ffde2e287e17526c10c6f097917c5918d053329,23
IN,0x9c69471fbfc42c15e37e952a2a3271723dfe9fb3,0xc297bb34de41ca8fb8a65890dd2a50f67bac70d1,10000.0,USDT,0x6e559693e26be9f5b822e1fed71c7155d9bb5b6fc83814f5dbc7429aa7aa1d6d,23
OUT,0xc297bb34de41ca8fb8a65890dd2a50f67bac70d1,0x16b9a82891338f9ba80e2d6970fdda79d1eb0dae,407.01223631,USDT,0x2946e9a8b437639d3d4f2543b70e34070cc740498b6ca873c1a5babd939d4ec7,21
OUT,0xc297bb34de41ca8fb8a65890dd2a50f67bac70d1,0xab0667de161274f495b883f281b4ca5dcb32ec96,3000.0,USDT,0x997500e7386be8352b28126771b79ec58bda2642e35cfb2947a8fc74906ed1fd,22
IN,0xb9c4832aac8cf373ec7161b561c0e0b765fe2844,0xc297bb34de41ca8fb8a65890dd2a50f67bac70d1,991.65999999,USDT,0x40e0be33d0ffeaaa85f677ee712c7b2700fcb42c50412417fd97773af6be8ec9,21
IN,0x16b9a82891338f9ba80e2d6970fdda79d1eb0dae,0xc297bb34de41ca8fb8a65890dd2a50f67bac70d1,444.02561186,USDT,0x7fb4bb66724ffbdd8c86199c1c360ff7e4cc6871b6d5f0e12fd1ba451d670707,21
IN,0x7efaef62fddcca950418312c6c91aef321375a00,0xc297bb34de41ca8fb8a65890dd2a50f67bac70d1,1971.32662445,USDT,0xfcc7665255342bc23b6025bf251a351aefcb574aaad46e8a02400094c115b588,22
OUT,0xc297bb34de41ca8fb8a65890dd2a50f67bac70d1,0xab0667de161274f495b883f281b4ca5dcb32ec96,996.27747871,USDT,0xfb5f7ad6c1be0aeb04d5a531b3b0c26d2f97ce81ec50d3bc26fc9e5606b04b34,21
IN,0x16b9a82891338f9ba80e2d6970fdda79d1eb0dae,0xc297bb34de41ca8fb8a65890dd2a50f67bac70d1,996.27747871,USDT,0x3edb9f4a197f08aa49411df0d15cd7b8a6acbbb7221d4e0ddc638e5192cdac2b,21
OUT,0xc297bb34de41ca8fb8a65890dd2a50f67bac70d1,0xab0667de161274f495b883f281b4ca5dcb32ec96,391.15681127,USDT,0xd97f6310de91ac745cc0f863bb0da20a5c5908f5ae5dce0805bc27b759f33ecb,21
OUT,0xc297bb34de41ca8fb8a65890dd2a50f67bac70d1,0x799b837c09880ee6e336d49a3ea0a8d3fd11bbc2,1500.0,USDT,0xa3108e9aaed148dde2bd0abcd7a3089c9bec873a734afa9419726d0899784186,22
OUT,0xc297bb34de41ca8fb8a65890dd2a50f67bac70d1,0xc8955b8c247e759954f1789c27bbd08786cb3ae5,1157.15605683,USDT,0xc56fc1a17dc3ec1c46a9119ee1ef64dbed163f103c931c9840cdba6dadfc1b90,22
IN,0xec6557348085aa57c72514d67070dc863c0a5a8c,0xc297bb34de41ca8fb8a65890dd2a50f67bac70d1,995.40099925,USDT,0xbc82c3085ed8c0d9fd5fe5c9cdbdbd9c1fe84f0ec556b9033aaf21f976e40a13,21
IN,0x22d75e5f8c42b205f4330d52c6a8578a1db2f385,0xc297bb34de41ca8fb8a65890dd2a50f67bac70d1,997.19999999,USDT,0x07e729d20a87fdf16c8fa7832cb8c33b1eafdb2220c1dae75d4ff8367b6bf5b6,21
IN,0x8bad36f249b0295003ae84aa1b29a62ece49be8b,0xc297bb34de41ca8fb8a65890dd2a50f67bac70d1,1055.71186885,USDT,0xff44eb7df3061f049090775aad03523a7608198c5975ff94099854d043040942,22
OUT,0xc297bb34de41ca8fb8a65890dd2a50f67bac70d1,0xc8955b8c247e759954f1789c27bbd08786cb3ae5,1000.0,USDT,0x21a1c5f139125b9f23f6443cc922fb7b0e387b34a3b0bbeab3575f096894253b,22
IN,0x9d7008709084feca4910fc0f82855fdba584babe,0xc297bb34de41ca8fb8a65890dd2a50f67bac70d1,1000.0,USDT,0x6a6d9f7a485a940e82d6299e2c43640792c4cdafc357e65fbbf279b5b3d0afab,22
OUT,0xc297bb34de41ca8fb8a65890dd2a50f67bac70d1,0xab0667de161274f495b883f281b4ca5dcb32ec96,1474.06040689,USDT,0x068f38460fb276a284a7193783f4d3a81dd1108f09ef5d6f5ff2d791bf95b38a,22
OUT,0xc297bb34de41ca8fb8a65890dd2a50f67bac70d1,0xb9c4832aac8cf373ec7161b561c0e0b765fe2844,991.66,USDT,0x9de735a8901539709dfa52af890460d1bb032821e414b89dcda712dd36c6c60c,21
OUT,0xc297bb34de41ca8fb8a65890dd2a50f67bac70d1,0x22d75e5f8c42b205f4330d52c6a8578a1db2f385,997.2,USDT,0x25be8fe09d4b0eb2974c695d3c1d88e68dbe9734a009525eabf4b7adb9b33cd1,21
OUT,0xc297bb34de41ca8fb8a65890dd2a50f67bac70d1,0x8bad36f249b0295003ae84aa1b29a62ece49be8b,1000.0,USDT,0xbff4e7d9414e205cd00cab7f647e0d4d31800c2eb72740d065153c82d6496f82,22
OUT,0xc297bb34de41ca8fb8a65890dd2a50f67bac70d1,0xc8955b8c247e759954f1789c27bbd08786cb3ae5,1000.23932218,USDT,0x670e20f7bcf7dc26935201814484c17a1aa2aa7ee53d8554a26e31ca4a47947b,22
IN,0xce2ced8819457bbed5e113f2fc03b9246c0bfeb1,0xc297bb34de41ca8fb8a65890dd2a50f67bac70d1,1463.15972908,USDT,0x5b9a04af3655486d3eb1e829db163e7e2237da545a8f02253d5c8476bf8407b4,22
OUT,0xc297bb34de41ca8fb8a65890dd2a50f67bac70d1,0x16b9a82891338f9ba80e2d6970fdda79d1eb0dae,1000.0,USDT,0x1e0237e57e158a77661f7db003ebcb5be2f8cb33272e84f299f87c117fff9535,22
OUT,0xc297bb34de41ca8fb8a65890dd2a50f67bac70d1,0xec6557348085aa57c72514d67070dc863c0a5a8c,1000.0,USDT,0xf4b9d75e38632ecf04424b956df149d2a32390ec18354f6d3ba124fd51c7c34c,22
OUT,0xc297bb34de41ca8fb8a65890dd2a50f67bac70d1,0x7efaef62fddcca950418312c6c91aef321375a00,3000.0,USDT,0x6807324334f112ad061f6f0be00ecb33b33a16a8ed2b0ec92964b58b3e1f983c,22
OUT,0xc297bb34de41ca8fb8a65890dd2a50f67bac70d1,0x16b9a82891338f9ba80e2d6970fdda79d1eb0dae,3000.0,USDT,0x1fbc851cfbc22273ffc951f1bdf875060e969fd6d6dda2496a7413c83b4897c5,22
IN,0xab0667de161274f495b883f281b4ca5dcb32ec96,0xc297bb34de41ca8fb8a65890dd2a50f67bac70d1,12000.0,USDT,0x6b04f8f7d4753181c9054b24c176589b6af1af195dbe060bf42343de9f763d19,23
OUT,0xc297bb34de41ca8fb8a65890dd2a50f67bac70d1,0xbbdeabfa33c0c4baba4a2908200da66de7e8af18,1.0,USDT,0xb3e1b4a0165b8e248dba4208e058bb620a02f617ac7dd35cb0b9c552d3e8df9a,19
IN,0xab0667de161274f495b883f281b4ca5dcb32ec96,0xc297bb34de41ca8fb8a65890dd2a50f67bac70d1,1.0,USDT,0x5287eda1a0990209c2814b0e25a92752c10fcc72a448390f0a15779a7fcad66f,19
OUT,0xc297bb34de41ca8fb8a65890dd2a50f67bac70d1,0xbbdeabfa33c0c4baba4a2908200da66de7e8af18,500.0,USDT,0xad34ef34843c1c7142d0bc9ef7918e3b5376b6d6483047fe41b1fc0e6acbcca2,21
IN,0xab0667de161274f495b883f281b4ca5dcb32ec96,0xc297bb34de41ca8fb8a65890dd2a50f67bac70d1,500.0,USDT,0x9f3ca8c4369402a9fe6a9f556cd320f2a278e3a5262af7d04bf722572f9d6ae1,21
OUT,0xc297bb34de41ca8fb8a65890dd2a50f67bac70d1,0xbbdeabfa33c0c4baba4a2908200da66de7e8af18,200000.0,USDT,0x4c3dffe2fbf2636dce01999abe02f5d89d5db2c7fce5dc57390f0273da265c0e,24
OUT,0xc297bb34de41ca8fb8a65890dd2a50f67bac70d1,0xbbdeabfa33c0c4baba4a2908200da66de7e8af18,200000.0,USDT,0x3167c537cb816f203f59230f2c983acc3fb783bf0cebd25c40fbcab28739cc8a,24
OUT,0xc297bb34de41ca8fb8a65890dd2a50f67bac70d1,0xbbdeabfa33c0c4baba4a2908200da66de7e8af18,50000.0,USDT,0x3010eca1be989e76dbf71492cf31950fa34a034d9532c8596b13edbd8999be63,23
OUT,0xc297bb34de41ca8fb8a65890dd2a50f67bac70d1,0xbbdeabfa33c0c4baba4a2908200da66de7e8af18,50000.0,USDT,0x896275b14ccdf44a104650ef94888954d84a1e22070ca5b12ab434df6377d827,23
OUT,0xc297bb34de41ca8fb8a65890dd2a50f67bac70d1,0xbbdeabfa33c0c4baba4a2908200da66de7e8af18,9110.0,USDT,0xb4c6ad90a27c14518894517251be7ac0141a2f2403cda99ed835d8eef41849ce,22
OUT,0xc297bb34de41ca8fb8a65890dd2a50f67bac70d1,0xbbdeabfa33c0c4baba4a2908200da66de7e8af18,200000.0,USDT,0x700fa791eda854b247aa839cfa89738623f4a72d697345308c1d1532d387f605,24
OUT,0xc297bb34de41ca8fb8a65890dd2a50f67bac70d1,0xbbdeabfa33c0c4baba4a2908200da66de7e8af18,20000.0,USDT,0x83a6b9611504907474c0f35e38774f4ff734ff10a28436e894de995c9c5d236b,23
OUT,0xc297bb34de41ca8fb8a65890dd2a50f67bac70d1,0xbbdeabfa33c0c4baba4a2908200da66de7e8af18,20000.0,USDT,0xe6fb8eef5bb044ff4bf7bfa86f71d3e8b8e4b042ad4f1fbd68489be9a9240a67,23
IN,0xab0667de161274f495b883f281b4ca5dcb32ec96,0xc297bb34de41ca8fb8a65890dd2a50f67bac70d1,700000.0,USDT,0x6cf1dedb7137cb0a684c6d2895c5433472d6311fc64a933a213f647fb132e012,24
OUT,0xc297bb34de41ca8fb8a65890dd2a50f67bac70d1,0xbbdeabfa33c0c4baba4a2908200da66de7e8af18,20000.0,USDT,0x15af7151f635271812afe859cf6b41cbd4074e224cf640a4d8ece55577f58883,23
OUT,0xc297bb34de41ca8fb8a65890dd2a50f67bac70d1,0xbbdeabfa33c0c4baba4a2908200da66de7e8af18,30000.0,USDT,0xda32af70776dbc760014f06e16f3dceb7c1dfdc882d00da06f3c63dcfefbed36,23
OUT,0xc297bb34de41ca8fb8a65890dd2a50f67bac70d1,0xbbdeabfa33c0c4baba4a2908200da66de7e8af18,390.0,USDT,0x563a8a814982fae56fe93ad929648e45dd830061a58750038421d04c9a8094cb,21
OUT,0xc297bb34de41ca8fb8a65890dd2a50f67bac70d1,0xf615e5434d594dc0cc377f6c940fb052d28a1ae2,1298.7,USDT,0x1cc611c05c860f771bf1a0e8307ddde9fb7c0ed2e57ba8590903bea26db676cf,22
IN,0x9c69471fbfc42c15e37e952a2a3271723dfe9fb3,0xc297bb34de41ca8fb8a65890dd2a50f67bac70d1,1300.0,USDT,0x1e3ae6a2ed473deffff3cc27c55f1120161033baaef1a9b52b6f983d4c738574,22
IN,0xab0667de161274f495b883f281b4ca5dcb32ec96,0xc297bb34de41ca8fb8a65890dd2a50f67bac70d1,99500.0,USDT,0x99669e95810a40e46b60dc18c5ac164b14edf8866a8afcaae99d1cb98c943942,23
